/*==============================================================*/
/* Table: t_pictype                                                 */
/*==============================================================*/

TRUNCATE TABLE t_pictype;

INSERT INTO t_pictype (PicTypeID,PicTypeName,PiicTypeFolder) 
VALUES (0,'通用路径，实际中没有用','----'),
       (1,'玩具类','D:\\ftp_folder\\pic_search\\1\\'),
       (2,'工具类','D:\\ftp_folder\\pic_search\\2\\'),
       (3,'食品类','D:\\ftp_folder\\pic_search\\3\\'),
       (4,'交通工具','D:\\ftp_folder\\pic_search\\4\\');
       

/*==============================================================*/
/* Table: t_pic_prop                                                 */
/*==============================================================*/

TRUNCATE TABLE  t_pic_prop;

INSERT INTO t_pic_prop (picID,productName,brandName,companyName,originAddr,originTime,price) 
VALUES
('a7464ace-9632-4c04-a065-482531cdc318','飞机模型','李宁','创维','山西省临汾市','1999-2012',15),
('49b2671a-b583-4d7b-a489-7349b496688d','雪人','王老吉','华辉','安徽省合肥市','2009-2013',63),
('dd70bab5-5132-45b8-b35c-295f12f7703e','卡车玩偶','中粮','多心','陕西省西安市','2013-2014',89),
('935bfe66-7656-4e74-b982-1de4243b2fa1','轨道车','宝洁','波阿宝','北京市石景山区','2014-2015',96),
('6063ee19-95f3-41df-9927-ccff54a22821','大力神卡车','海尔','飞象','山东省青岛市','2012-2014',82),
('6b5cea89-9af7-4bdd-8dc6-84fbc682bfe6','四驱遥控车','联想','兰花','广西省玉柴市','2001-2003',36),
('0ad9a145-252d-4ef8-a0bf-78154a261a1f','汤姆猫','惠普','创维','广西省南宁市','1999-2013',80.4),
('4b1a370d-4f4a-4634-aa56-ee1bf2f3b1d6','海绵宝宝','李宁','华辉','四川省成都市','2009-2014',85.22),
('03b772a3-b602-47ed-87d4-5cc419909ae3','奥特曼','王老吉','多心','青海省西宁市','2013-2015',90.05),
('8fd3a0bc-dd96-4268-9604-96d73e5596f5','风火轮','中粮','波阿宝','山西省临汾市','2014-2016',94.88),
('7686d829-17e0-49e7-84e3-ab17dbad92ac','飞机模型','宝洁','飞象','安徽省合肥市','2012-2015',99.71),
('a29bdbc9-fff9-46a4-a981-d80922a51cdb','雪人','海尔','兰花','陕西省西安市','2001-2004',104.54),
('0273c052-a3a2-4764-ac9e-235d1249b65e','卡车玩偶','联想','创维','北京市石景山区','1999-2014',109.39),
('32f893ea-97af-4028-b8fc-7da5a5dafe22','轨道车','惠普','华辉','山东省青岛市','2009-2015',114.2),
('a071f0be-6f52-4258-b579-c4bfeffc4c09','大力神卡车','李宁','多心','广西省玉柴市','2013-2016',119.02),
('4fff3a27-e229-4d1a-b509-2af89da546ad','四驱遥控车','王老吉','波阿宝','广西省南宁市','2014-2017',123.85),
('a3c06a22-e247-4b78-a31f-e9e23101a605','汤姆猫','中粮','飞象','四川省成都市','2012-2016',128.68),
('ae9e523f-38e7-437a-ac73-4e349c69a167','海绵宝宝','宝洁','兰花','青海省西宁市','2001-2005',133.51),
('10deba4a-27ec-42fd-8fcb-d9a8209008a4','奥特曼','海尔','创维','山西省临汾市','1999-2015',138.34),
('e6e93766-ffb7-42db-8e13-26037a179ea3','风火轮','联想','华辉','安徽省合肥市','2009-2016',143.17),
('e48def86-796e-448d-8d22-768dbc041c5e','飞机模型','惠普','多心','陕西省西安市','2013-2017',148),
('d892bbfa-b984-41bc-962f-5ef38913c6d2','雪人','李宁','波阿宝','北京市石景山区','2014-2018',152.81),
('d6858696-92d3-4d54-838c-d9686f03bc49','卡车玩偶','王老吉','飞象','山东省青岛市','2012-2017',157.65),
('ec0a74a5-0610-412b-9e27-4bf8d07dec5d','轨道车','中粮','兰花','广西省玉柴市','2001-2006',162.48),
('129a761a-707a-4f9f-80ae-f48e2617e0b4','大力神卡车','宝洁','创维','广西省南宁市','1999-2016',167.31),
('98b90f9a-083c-464a-a72c-5f6593ad8cde','四驱遥控车','海尔','华辉','四川省成都市','2009-2017',172.14),
('24e1dc17-46a2-405f-952c-cf0c4c4cd636','汤姆猫','联想','多心','青海省西宁市','2013-2018',176.97),
('97f6d60e-82fe-419e-8abe-1d2addb5d9cc','海绵宝宝','惠普','波阿宝','山西省临汾市','2014-2019',181.8),
('a4a03aee-5bc9-423f-8dc3-6c1a4b88356b','奥特曼','李宁','飞象','安徽省合肥市','2012-2018',186.62),
('485537f9-a993-4377-96bf-bd25c1f85030','风火轮','王老吉','兰花','陕西省西安市','2001-2007',191.45),
('9246824f-44cf-4e9f-9974-e98cc46fb5b3','飞机模型','中粮','创维','北京市石景山区','1999-2017',196.28),
('0f5ea191-ca0f-43be-a97b-c4fb3043836b','雪人','宝洁','华辉','山东省青岛市','2009-2018',201.11),
('43a5375a-57e1-481f-b6ff-59257a072116','卡车玩偶','海尔','多心','广西省玉柴市','2013-2019',205.94),
('77d230dc-7bc1-4d1a-9b91-df0cf7f5e8e7','轨道车','联想','波阿宝','广西省南宁市','2014-2020',210.7),
('4174a160-215e-4da3-b164-c24e157d287f','大力神卡车','惠普','飞象','四川省成都市','2012-2019',215.6),
('c08abf98-c535-41f0-a6a6-f02c66d41d4b','四驱遥控车','李宁','兰花','青海省西宁市','2001-2008',220.41),
('f6dcf506-8ca1-437a-a065-4b8ba32c2be5','汤姆猫','王老吉','创维','山西省临汾市','1999-2018',225.25),
('d28b5ed6-87bc-43b8-90ed-0a414593c822','海绵宝宝','中粮','华辉','安徽省合肥市','2009-2019',230.08),
('df4c693e-605b-47eb-9e3c-dba3a11875a0','奥特曼','宝洁','多心','陕西省西安市','2013-2020',234.91),
('7a4f9454-3ab1-4d8d-8679-14b77032ecc8','风火轮','海尔','波阿宝','北京市石景山区','2014-2021',239.74),
('2fae0904-8ea0-4ed6-8055-69a32f8c8b13','飞机模型','联想','飞象','山东省青岛市','2012-2020',244.57),
('f74914df-fb61-48c3-a28b-8934d7be12c7','雪人','惠普','兰花','广西省玉柴市','2001-2009',249.4),
('3bbeb231-1869-48cd-8d7d-bd8baf032c7f','卡车玩偶','李宁','创维','广西省南宁市','1999-2019',254.22),
('e2d37be6-d295-4368-90c6-9980ca5af321','轨道车','王老吉','华辉','四川省成都市','2009-2020',259.05),
('ce793273-7e0c-4160-abd7-35a7086c6f71','大力神卡车','中粮','多心','青海省西宁市','2013-2021',263.88),
('f1d0d130-ada9-4178-a47e-e1e310344c5d','四驱遥控车','宝洁','波阿宝','山西省临汾市','2014-2022',268.7),
('c46f7e0f-098d-40c3-a2c5-0b5c897d3925','汤姆猫','海尔','飞象','安徽省合肥市','2012-2021',273.54),
('4f42e205-d9f8-4517-b3b5-523d56c432d0','海绵宝宝','联想','兰花','陕西省西安市','2001-2010',278.37),
('220cdbe2-5138-4d6e-9f37-659315781dd9','奥特曼','惠普','创维','北京市石景山区','1999-2020',283.2),
('11d905b1-ce1a-43b0-a7aa-8da764cc6027','风火轮','李宁','华辉','山东省青岛市','2009-2021',288.02),
('7b5995ab-fdb0-4d60-8610-37dcacf24c99','飞机模型','王老吉','多心','广西省玉柴市','2013-2022',292.83),
('d3a37910-558e-449f-a45c-e319d6580f5c','雪人','中粮','波阿宝','广西省南宁市','2014-2023',297.68),
('ba54362e-e692-4471-80af-e0cf246f901f','卡车玩偶','宝洁','飞象','四川省成都市','2012-2022',302.51),
('39208921-e1e6-451a-9b46-0ac18959c29c','轨道车','海尔','兰花','青海省西宁市','2001-2011',307.34),
('9fb8ca64-adf2-4eed-9d21-744371bf1c41','大力神卡车','联想','创维','山西省临汾市','1999-2021',312.17),
('8ca4148a-8990-4b2f-aa22-fa0d77a55d1a','四驱遥控车','惠普','华辉','安徽省合肥市','2009-2022',317),
('051d3c8c-90e8-4bf1-9a6b-8edefae5c848','汤姆猫','李宁','多心','陕西省西安市','2013-2023',321.82),
('f09097cd-90fc-40a3-b1d9-0aaa66fe2646','海绵宝宝','王老吉','波阿宝','北京市石景山区','2014-2024',326.6),
('ec474add-fd3d-4299-a26a-777d64e7df93','奥特曼','中粮','飞象','山东省青岛市','2012-2023',331.48),
('aacf404d-106f-46ad-b756-05838e4f4bad','风火轮','宝洁','兰花','广西省玉柴市','2001-2012',336.31),
('78018d8e-7eb3-449e-90b2-4a2370874a5f','飞机模型','海尔','创维','广西省南宁市','1999-2022',341.14),
('d980eb4e-8312-4f04-a7a1-c4e1f49f2bfc','雪人','联想','华辉','四川省成都市','2009-2023',345.97);


/*==============================================================*/
/* Table: t_pic                                                 */
/*==============================================================*/

TRUNCATE TABLE t_pic;


INSERT INTO t_pic(PicID,T_p_picID,PicTypeID,PicName) 
VALUES
('e11bab2a-7851-4d54-b668-7efd6b33e0d6','a7464ace-9632-4c04-a065-482531cdc318',1,'0.jpg'),
('93ad1da3-cab2-4b96-9ab7-4346fecc0e46','49b2671a-b583-4d7b-a489-7349b496688d',1,'1.jpg'),
('ef763066-08b3-49da-b003-8297cbf9015b','dd70bab5-5132-45b8-b35c-295f12f7703e',1,'2.jpg'),
('b073acfd-a452-4962-be0e-499beac59053','935bfe66-7656-4e74-b982-1de4243b2fa1',1,'3.jpg'),
('6ef019cf-a99f-4deb-af11-d30f782bf31f','6063ee19-95f3-41df-9927-ccff54a22821',1,'4.jpg'),
('378b9ef8-6296-4659-84ea-26eb56951d55','6b5cea89-9af7-4bdd-8dc6-84fbc682bfe6',1,'5.jpg'),
('d78a0658-1ea5-4c43-8afa-e252bda075f1','0ad9a145-252d-4ef8-a0bf-78154a261a1f',1,'6.jpg'),
('401047a0-df01-4846-a43c-f0efd4be3aca','4b1a370d-4f4a-4634-aa56-ee1bf2f3b1d6',1,'7.jpg'),
('92c6275a-7022-46c9-b004-d7145da8d651','03b772a3-b602-47ed-87d4-5cc419909ae3',1,'8.jpg'),
('d200bc0a-aee1-49c2-8245-a260b25e6272','8fd3a0bc-dd96-4268-9604-96d73e5596f5',1,'9.jpg'),
('57333de2-33a4-48f4-aebb-1012390fd2fd','7686d829-17e0-49e7-84e3-ab17dbad92ac',1,'10.jpg'),
('d4e379a4-4932-4193-bcb3-1e06737819f2','a29bdbc9-fff9-46a4-a981-d80922a51cdb',1,'11.jpg'),
('90980220-6ab6-4046-9a5b-f701c93190ec','0273c052-a3a2-4764-ac9e-235d1249b65e',1,'12.jpg'),
('c0bdbdb9-f767-4606-bba0-414cd3a57a3e','32f893ea-97af-4028-b8fc-7da5a5dafe22',1,'13.jpg'),
('5a2ac953-1c83-48a5-87ed-3ed370c230e0','a071f0be-6f52-4258-b579-c4bfeffc4c09',1,'14.jpg'),
('9435f2be-aa60-493c-a26e-9e71bf9eb4c7','4fff3a27-e229-4d1a-b509-2af89da546ad',1,'15.jpg'),
('d85924bf-3b69-45d6-88ae-3f89f268c73d','a3c06a22-e247-4b78-a31f-e9e23101a605',1,'16.jpg'),
('0ef04124-d5eb-42cf-a4c3-64a81d8f9c35','ae9e523f-38e7-437a-ac73-4e349c69a167',1,'17.jpg'),
('a45dc7b1-f383-49a6-ad3f-2ddf553c81cf','10deba4a-27ec-42fd-8fcb-d9a8209008a4',1,'18.jpg'),
('daf22b23-72a5-468f-8a20-870bbc8f4a80','e6e93766-ffb7-42db-8e13-26037a179ea3',1,'19.jpg'),
('4a9f4fef-78ee-4400-8931-2d309f2e1193','e48def86-796e-448d-8d22-768dbc041c5e',1,'20.jpg'),
('565ad434-2ffb-435c-aa31-eff659a05ddf','d892bbfa-b984-41bc-962f-5ef38913c6d2',1,'21.jpg'),
('8c013a84-0f61-47ba-bf99-ad628c73f314','d6858696-92d3-4d54-838c-d9686f03bc49',1,'22.jpg'),
('ce934b4a-c8fd-428f-90bd-f334cd1a1680','ec0a74a5-0610-412b-9e27-4bf8d07dec5d',1,'23.jpg'),
('05506b81-04b7-48b8-9b45-57f479819fb0','129a761a-707a-4f9f-80ae-f48e2617e0b4',1,'24.jpg'),
('2ae5c0ff-129e-4e68-baaf-f0994fc911f2','98b90f9a-083c-464a-a72c-5f6593ad8cde',1,'25.jpg'),
('1f674138-efbf-4f16-88ab-ab1da9504dab','24e1dc17-46a2-405f-952c-cf0c4c4cd636',1,'26.jpg'),
('98882c60-2d3c-4854-8203-47bfec061ea2','97f6d60e-82fe-419e-8abe-1d2addb5d9cc',1,'27.jpg'),
('32eab8b6-92d8-4a00-b27d-a8ff095fce79','a4a03aee-5bc9-423f-8dc3-6c1a4b88356b',1,'28.jpg'),
('caf53e39-27a5-4ff4-8177-9a72f816338f','485537f9-a993-4377-96bf-bd25c1f85030',1,'29.jpg'),
('a0ef7ad0-388e-4a82-b002-e1bc1a67d262','9246824f-44cf-4e9f-9974-e98cc46fb5b3',1,'30.jpg'),
('078181c2-6442-4b87-8ebf-5a689f10a301','0f5ea191-ca0f-43be-a97b-c4fb3043836b',1,'31.jpg'),
('b4bfad97-5a2e-4b64-8e4c-44522d4f7334','43a5375a-57e1-481f-b6ff-59257a072116',1,'32.jpg'),
('45f0bd60-b2fa-4adb-80e6-03b3ff717ae0','77d230dc-7bc1-4d1a-9b91-df0cf7f5e8e7',1,'33.jpg'),
('56912799-c606-4bf7-acc4-f97bd4fd0704','4174a160-215e-4da3-b164-c24e157d287f',1,'34.jpg'),
('2216f913-73ab-4888-8175-358d75748614','c08abf98-c535-41f0-a6a6-f02c66d41d4b',1,'35.jpg'),
('209e8972-b911-448d-8953-ce67a7a7b817','f6dcf506-8ca1-437a-a065-4b8ba32c2be5',1,'36.jpg'),
('bd545fe3-7ee7-4d5f-baf8-a7a07079b4cc','d28b5ed6-87bc-43b8-90ed-0a414593c822',1,'37.jpg'),
('af51a0ef-7a52-456f-86be-792cd61931be','df4c693e-605b-47eb-9e3c-dba3a11875a0',1,'38.jpg'),
('592d5aa8-eec4-4f99-986b-d22c02b71eae','7a4f9454-3ab1-4d8d-8679-14b77032ecc8',1,'39.jpg'),
('4aa318ce-496f-417c-a814-56090720349d','2fae0904-8ea0-4ed6-8055-69a32f8c8b13',1,'40.jpg'),
('61a206b5-7937-476d-8d9b-cbe6704f269f','f74914df-fb61-48c3-a28b-8934d7be12c7',1,'41.jpg'),
('381b2c44-18eb-4a2e-a810-b246564486f0','3bbeb231-1869-48cd-8d7d-bd8baf032c7f',1,'42.jpg'),
('0b996324-1401-48d3-b000-16633d10b1a8','e2d37be6-d295-4368-90c6-9980ca5af321',1,'43.jpg'),
('3a2a9366-37b2-43a9-be6d-e42823704b61','ce793273-7e0c-4160-abd7-35a7086c6f71',1,'44.jpg'),
('2d23d613-927d-4ed9-9794-86f0c268ed23','f1d0d130-ada9-4178-a47e-e1e310344c5d',1,'45.jpg'),
('efd82874-d473-4610-a497-7bcf76eaa220','c46f7e0f-098d-40c3-a2c5-0b5c897d3925',1,'46.jpg'),
('391f5147-5b9c-4ae4-812e-7b6f302d9447','4f42e205-d9f8-4517-b3b5-523d56c432d0',1,'47.jpg'),
('52202f5e-9647-41bd-9f97-5b1bfb974008','220cdbe2-5138-4d6e-9f37-659315781dd9',1,'48.jpg'),
('59bb5095-2e10-4daa-9d95-02edf87ea1e1','11d905b1-ce1a-43b0-a7aa-8da764cc6027',1,'49.jpg'),
('c2af9981-98dc-48d1-9bf4-a7b80fc8ff0b','7b5995ab-fdb0-4d60-8610-37dcacf24c99',1,'50.jpg'),
('4fe3f71c-cb47-4c03-9a25-00b70367d474','d3a37910-558e-449f-a45c-e319d6580f5c',1,'51.jpg'),
('87c4549d-122f-4ba0-abd4-a05bd8a7e794','ba54362e-e692-4471-80af-e0cf246f901f',1,'52.jpg'),
('2ca8c91d-95c3-4375-a33f-3247c5fbc900','39208921-e1e6-451a-9b46-0ac18959c29c',1,'53.jpg'),
('4fc0b338-63d4-4d4e-856a-86e2320438f6','9fb8ca64-adf2-4eed-9d21-744371bf1c41',1,'54.jpg'),
('1a0c4716-4fcf-474d-93fb-02ea9d37ca7d','8ca4148a-8990-4b2f-aa22-fa0d77a55d1a',1,'55.jpg'),
('fdbe1139-a6c3-4559-9805-b2cca3097b91','051d3c8c-90e8-4bf1-9a6b-8edefae5c848',1,'56.jpg'),
('fbde1898-e562-4199-9821-4d2d679432ae','f09097cd-90fc-40a3-b1d9-0aaa66fe2646',1,'57.jpg'),
('b8edeea8-8552-4003-a216-1fe3d974268b','ec474add-fd3d-4299-a26a-777d64e7df93',1,'58.jpg'),
('21ef9d77-49a9-4b48-98f2-380bf3f6f8e9','aacf404d-106f-46ad-b756-05838e4f4bad',1,'59.jpg'),
('f7f1b2f9-e525-411e-beff-e2531ff60215','78018d8e-7eb3-449e-90b2-4a2370874a5f',1,'60.jpg'),
('11f13b03-3f35-4d9b-a76e-448ac16b4df9','d980eb4e-8312-4f04-a7a1-c4e1f49f2bfc',1,'61.jpg');
